{"metric": "euclidean", "_timestamp": 1705507031.2684407, "_runtime": 3.2996606826782227, "_step": 1, "eps": 1e-05, "_wandb": {"runtime": 2}}