{"metric": "euclidean", "_timestamp": 1705506782.7629378, "_runtime": 3.028371810913086, "_step": 0, "_wandb": {"runtime": 2}}