{"metric": "euclidean", "_timestamp": 1705507277.0585408, "_runtime": 1.9790008068084717, "_step": 1, "eps": 1e-05, "_wandb": {"runtime": 1}}