{"accuracy": 0.9113666823325683, "loss": 0.05866479623061735, "_timestamp": 1704915317.0357513, "_runtime": 1.213665246963501, "_step": 7, "_wandb": {"runtime": 0}}