{"metric": "euclidean", "_timestamp": 1705506840.5507855, "_runtime": 3.1132075786590576, "_step": 1, "eps": 1e-05, "_wandb": {"runtime": 1}}