{"metric": "euclidean", "_timestamp": 1705507158.613751, "_runtime": 3.982590913772583, "_step": 1, "eps": 1e-05, "_wandb": {"runtime": 3}}