{"metric": "euclidean", "_timestamp": 1705507299.8323455, "_runtime": 1.6410534381866455, "_step": 1, "eps": 1e-05, "_wandb": {"runtime": 0}}