{"metric": "euclidean", "_timestamp": 1705506948.7884002, "_runtime": 6.288950204849243, "_step": 1, "eps": 1e-05, "_wandb": {"runtime": 1}}