{"accuracy": 0.8795628815913638, "loss": 0.08585768288380397, "_timestamp": 1704916890.5865679, "_runtime": 1.1951079368591309, "_step": 7, "_wandb": {"runtime": 0}}