{"num_clusters": 11, "_timestamp": 1705618609.052298, "_runtime": 37.35661816596985, "_step": 3, "inertia": 5096.26192923945, "silhouette_score": 0.11726063361510308, "data": {"_type": "table-file", "sha256": "8c1f30d68cf7e1a89f873bde64b5f5f17bc9264adfc23c0dc23076b6925463a2", "size": 4575388, "artifact_path": "wandb-client-artifact://nq48r2o616shmil7ab39f1u1o2xatj66z3lffa6r3i7xdlhhqespq0996lu8h1vugg9dj8q6y4fgkpu8tmr0v9o0bwenxu4w7pn4dwn0hsb4irg9yy9qs5sxs57hy2a6:latest/data.table.json", "_latest_artifact_path": "wandb-client-artifact://nq48r2o616shmil7ab39f1u1o2xatj66z3lffa6r3i7xdlhhqespq0996lu8h1vugg9dj8q6y4fgkpu8tmr0v9o0bwenxu4w7pn4dwn0hsb4irg9yy9qs5sxs57hy2a6:latest/data.table.json", "path": "media/table/data_3_8c1f30d68cf7e1a89f87.table.json", "ncols": 23, "nrows": 22412}, "_wandb": {"runtime": 35}}